Feature_1,Feature_2,Feature_3,Feature_4,Feature_5,Target
0.7589692204932674,-0.7728252145375718,-0.2368186067400088,-0.4853635478291034,0.0818741393863225,-0.5676950471426937
0.4621034742632707,0.19905969557347,-0.6002168771587947,0.0698020849900189,-0.3853135968617602,0.1373039315019107
0.7910319470430469,-0.9093874547947388,1.4027943109360992,-1.4018510627922809,0.5868570938002703,-0.50805546048063
1.465648768921554,-0.2257763004865356,0.0675282046879238,-1.4247481862134568,-0.5443827245251827,-0.9316340120849704
-0.2081222503572752,-0.4930009346588328,-0.5893647569442115,0.8496020970210246,0.3570154859650473,0.4017012359654001
-0.3345012358409484,-0.4749453111609562,-0.6533292325737119,1.7654542402810969,0.4049817109609555,1.278551202260894
0.4040508568145384,1.8861859012105304,0.1745778128318389,0.2575503907227643,-0.0744459157661672,1.5325504283711986
0.0740947804197751,1.6286155455712918,-1.3801014582148914,-1.7033824393551549,-0.0555476988966187,-1.187870794662878
-0.5622875292409727,-1.0128311203344238,0.3142473325952739,-0.9080240755212108,-1.4123037013352917,-2.643307702595292
0.0245101742589427,0.4979982912454497,1.4511436077950417,0.9592708260852068,2.1531824575115563,3.0840241019992227
0.2504928503458765,0.3464482094969757,-0.6800247215784908,0.2322536971610035,0.2930724732986812,0.4101317612071402
-0.0122467728469146,-0.8972543714858315,0.0758045581937263,-0.6771617115121117,0.9751197334177512,-0.7284025433823574
0.3109075655980046,1.475356216949552,0.8576596232020194,-0.1599385299634271,-0.0190162079026888,1.268271404526374
0.570890510693167,1.135565640180599,0.9540017634932024,0.651391251305798,-0.3152692446403456,1.6312220729811029
0.6339190223180112,-2.025142586657607,0.1864543147694276,-0.661786464768388,0.852433334796224,-0.6585188352143697
0.6696725488300385,0.3665982460968482,-0.9398797863273552,-0.5138669173366935,-1.0592135218889516,-0.7585573051381972
0.7384665799954104,0.1713682811899705,-0.1156482823882405,-0.3011036955892888,-1.4785219903674274,-0.9093511124992956
-0.8289950109220723,-0.5601810401969696,0.7472936051232618,0.6103702654334648,-0.0209015939641481,-0.0246268940503703
0.4967141530112327,-0.1382643011711846,0.6476885381006925,1.5230298564080254,-0.2341533747233359,1.7970634153398437
-0.0626790972731718,0.9551423205012384,-0.9857260463355436,0.5040465155178444,-0.5302576183724408,0.4584055441431707
-1.9520877995225017,-0.1517850950355833,0.5883172064845765,0.2809918677350326,-0.6226995198205938,-1.201960058862713
-1.9187712152990413,-0.0265138754492168,0.0602302099410264,2.463242112485286,-0.1923609647811225,1.0239896019658004
0.117327383308782,1.277664895788425,-0.5915713888358299,0.5470973811700379,-0.202192652433894,1.141732483125028
0.021003841632759,0.6819529712949639,-0.310266756593456,0.3241663524884421,-0.1301430543676845,0.3102504019493119
-1.2208436499710222,0.2088635950047554,-1.959670123879776,-1.3281860488984305,0.1968612358691235,-2.612720399584624
-0.1279175914807665,-0.9555404406004258,-1.6064463202575725,0.2034636358672231,-0.7563507452843033,-1.3189441301179583
1.356240028570823,-0.0720101215803338,1.0035328978920242,0.3616360250476341,-0.6451197546051243,1.1855916727202156
-0.8222203955664315,0.2436872114919123,0.2449665711087227,-0.5069431753711298,-0.4710383056183228,-1.1141313461740447
1.3686315575323489,-0.9649234605801044,0.6860514599984393,1.0584244868495878,-1.7587394864231145,0.4746176791415041
0.3613956055084139,1.5380365664659692,-0.0358260391099515,1.5646436558140062,-2.6197451040897444,0.9827210497728835
0.7818228717773104,-1.236950710878082,-1.3204566130842763,0.5219415656168976,0.296984673233186,0.1033407479222954
0.2274599346041294,1.307142754282428,-1.6074832345612275,0.1846338585323042,0.2598827942484235,0.507735018268016
0.9312801191161986,-0.8392175232226385,-0.3092123758512146,0.3312634314035639,0.9755451271223592,0.9216794319998858
0.0970775493480403,0.9686449905328892,-0.7020530938773524,-0.3276621465977682,-0.3921081531321576,0.0091458995216328
-1.4153707420504142,-0.420645322765359,-0.3427145165267695,-0.8022772692216189,-0.1612857116660091,-2.0722074752720365
-1.2608839543350452,0.917861947054776,2.122156197012633,1.0324652605511468,-1.5193699659540134,0.5038569256849081
2.1904556258099785,-0.9905363251306885,-0.5662977296027719,0.0996513650876412,-0.5034756541161992,0.1670388766696611
-0.6017066122293969,1.8522781845089376,-0.0134972247379339,-1.0577109289559004,0.822544912103189,0.0357518675395188
-1.0025293646378088,-0.0185131359923899,-0.2886586389201383,0.3227185603380895,-0.827230943552323,-0.9340951441240616
-0.8397218421807761,-0.5993926454440222,-2.123895724309807,-0.525755021680761,-0.759132661553698,-2.706832915672636
-0.2341369569491805,1.5792128155073917,0.7674347291529088,-0.4694743859349521,0.5425600435859647,0.8651045456245847
-0.2196718878375119,0.3571125715117464,1.477894044741516,-0.5182702182736474,-0.8084936028931876,-0.3599993996933026
0.0969959649927181,0.5951570254369136,-0.8182206832334725,2.09238727568546,-1.006017381499702,1.6708996381211316
-0.4691756521047048,-1.7131345290908775,1.3538723741654128,-0.1145398452526178,1.2378163119734618,-0.0371837909980355
0.110922589709866,-1.1509935774223028,0.3756980183456719,-0.600638689918805,-0.2916937497932768,-1.2621155944902158
-0.7673475628880495,0.8723206367206782,0.1833420057383517,2.1898029332176723,-0.8082982853551515,1.795067066275224
-0.7198442083947086,-0.4606387709597875,1.0571222262189155,0.3436182895684614,-1.763040155362734,-1.0120010674524738
0.5193465142411723,1.5327389130025777,-0.1087601484568576,0.4017117220989414,0.6901439917111125,1.897464850450608
-0.4791742378452899,-0.1856589766638171,-1.1063349740060282,-1.1962066240806708,0.812525822394198,-1.4735752333658938
0.714000494092092,0.4732376245735448,-0.0728289126568727,-0.846793718068405,-1.5148472246858646,-0.9716412487152276
